{
  "scores": [
    0,
    0,
    0,
    0,
    0,
    0,
    0,
    0,
    0,
    0,
    0,
    0,
    0,
    0,
    0,
    0,
    0,
    0,
    0,
    0,
    0,
    0,
    0,
    0,
    0,
    0,
    0,
    0,
    0,
    0,
    0,
    0,
    0,
    0,
    0,
    0,
    0,
    0,
    0,
    0,
    0,
    0,
    0,
    0,
    0,
    0,
    0,
    0,
    0,
    0,
    0,
    0,
    0,
    0,
    3,
    3,
    5,
    1,
    3,
    4,
    0,
    0,
    0,
    0,
    2,
    3,
    1,
    10,
    1,
    0,
    1,
    2,
    5,
    1,
    4,
    5,
    1,
    4,
    0,
    8,
    0,
    1,
    7,
    0,
    2,
    3,
    0,
    0,
    8,
    1,
    18,
    20,
    0,
    10,
    0,
    5,
    12,
    4,
    6,
    5
  ],
  "mean_scores": [
    0.0,
    0.0,
    0.0,
    0.0,
    0.0,
    0.0,
    0.0,
    0.0,
    0.0,
    0.0,
    0.0,
    0.0,
    0.0,
    0.0,
    0.0,
    0.0,
    0.0,
    0.0,
    0.0,
    0.0,
    0.0,
    0.0,
    0.0,
    0.0,
    0.0,
    0.0,
    0.0,
    0.0,
    0.0,
    0.0,
    0.0,
    0.0,
    0.0,
    0.0,
    0.0,
    0.0,
    0.0,
    0.0,
    0.0,
    0.0,
    0.0,
    0.0,
    0.0,
    0.0,
    0.0,
    0.0,
    0.0,
    0.0,
    0.0,
    0.0,
    0.0,
    0.0,
    0.0,
    0.0,
    0.05454545454545454,
    0.10714285714285714,
    0.19298245614035087,
    0.20689655172413793,
    0.2542372881355932,
    0.31666666666666665,
    0.3114754098360656,
    0.3064516129032258,
    0.30158730158730157,
    0.296875,
    0.3230769230769231,
    0.36363636363636365,
    0.373134328358209,
    0.5147058823529411,
    0.5217391304347826,
    0.5142857142857142,
    0.5211267605633803,
    0.5416666666666666,
    0.6027397260273972,
    0.6081081081081081,
    0.6533333333333333,
    0.7105263157894737,
    0.7142857142857143,
    0.7564102564102564,
    0.7468354430379747,
    0.8375,
    0.8271604938271605,
    0.8292682926829268,
    0.9036144578313253,
    0.8928571428571429,
    0.9058823529411765,
    0.9302325581395349,
    0.9195402298850575,
    0.9090909090909091,
    0.9887640449438202,
    0.9888888888888889,
    1.1758241758241759,
    1.3804347826086956,
    1.3655913978494623,
    1.4574468085106382,
    1.4421052631578948,
    1.4791666666666667,
    1.5876288659793814,
    1.6122448979591837,
    1.6565656565656566,
    1.69
  ],
  "survival_times": [
    48,
    47,
    47,
    47,
    47,
    47,
    47,
    47,
    47,
    47,
    47,
    47,
    47,
    47,
    47,
    47,
    47,
    47,
    47,
    47,
    47,
    47,
    47,
    47,
    47,
    47,
    47,
    84,
    47,
    162,
    255,
    110,
    229,
    66,
    27,
    27,
    94,
    27,
    27,
    127,
    82,
    27,
    96,
    281,
    94,
    27,
    27,
    136,
    27,
    27,
    166,
    27,
    184,
    265,
    592,
    643,
    834,
    372,
    671,
    718,
    275,
    270,
    283,
    264,
    535,
    623,
    464,
    1467,
    414,
    254,
    340,
    505,
    851,
    384,
    862,
    772,
    381,
    715,
    315,
    1232,
    267,
    398,
    1142,
    256,
    545,
    649,
    263,
    58,
    1244,
    385,
    2479,
    2847,
    299,
    1525,
    27,
    910,
    1667,
    752,
    865,
    904
  ],
  "mean_survival_times": [
    48.0,
    47.5,
    47.333333333333336,
    47.25,
    47.2,
    47.166666666666664,
    47.142857142857146,
    47.125,
    47.111111111111114,
    47.1,
    47.09090909090909,
    47.083333333333336,
    47.07692307692308,
    47.07142857142857,
    47.06666666666667,
    47.0625,
    47.05882352941177,
    47.05555555555556,
    47.05263157894737,
    47.05,
    47.04761904761905,
    47.04545454545455,
    47.04347826086956,
    47.041666666666664,
    47.04,
    47.03846153846154,
    47.03703703703704,
    48.357142857142854,
    48.310344827586206,
    52.1,
    58.645161290322584,
    60.25,
    65.36363636363636,
    65.38235294117646,
    64.28571428571429,
    63.25,
    64.08108108108108,
    63.10526315789474,
    62.17948717948718,
    63.8,
    64.2439024390244,
    63.357142857142854,
    64.11627906976744,
    69.04545454545455,
    69.6,
    68.67391304347827,
    67.7872340425532,
    69.20833333333333,
    68.34693877551021,
    67.52,
    69.45098039215686,
    68.63461538461539,
    70.81132075471699,
    74.4074074074074,
    83.81818181818181,
    93.80357142857143,
    106.78947368421052,
    111.36206896551724,
    120.84745762711864,
    130.8,
    133.1639344262295,
    135.3709677419355,
    137.71428571428572,
    139.6875,
    145.76923076923077,
    153.0,
    157.6417910447761,
    176.89705882352942,
    180.33333333333334,
    181.38571428571427,
    183.61971830985917,
    188.08333333333334,
    197.16438356164383,
    199.6891891891892,
    208.52,
    215.93421052631578,
    218.07792207792207,
    224.44871794871796,
    225.59493670886076,
    238.175,
    238.53086419753086,
    240.47560975609755,
    251.33734939759037,
    251.39285714285714,
    254.8470588235294,
    259.43023255813955,
    259.4712643678161,
    257.1818181818182,
    268.2696629213483,
    269.56666666666666,
    293.84615384615387,
    321.5978260869565,
    321.35483870967744,
    334.1595744680851,
    330.9263157894737,
    336.9583333333333,
    350.6701030927835,
    354.765306122449,
    359.9191919191919,
    365.36
  ],
  "total_score": 169,
  "total_survival_time": 36536,
  "last_updated": 100
}